{"accuracy": 0.5993313193321228, "loss": 1.094712257385254, "precision": 0.6037889524440863, "recall": 0.5993312900529395, "f1_score": 0.5985438583654078}