{"train_accuracy": 0.6569769978523254, "val_accuracy": 0.5793319344520569, "train_loss": 0.9076970815658569, "val_loss": 1.1274950504302979}